﻿<?xml version="1.0" encoding="utf-8" ?>
<Defs>

<ThingDef ParentName="DrugBase">
    <defName>Rotmeth</defName>
    <label>rotmeth</label>
    <description>A Bosmer delicacy, Rotmeth is an alcoholic beverage made from fermented meat. Excessive consumption can lead to alcohol blackouts and, over time, addiction.</description>
    <graphicData>
      <texPath>Things/Item/Drug/Rotmeth</texPath>
      <graphicClass>Graphic_StackCount</graphicClass>
    </graphicData>
    <equippedAngleOffset>-150</equippedAngleOffset>
    <rotatable>false</rotatable>
    <stackLimit>25</stackLimit>
    <statBases>
      <DeteriorationRate>0.5</DeteriorationRate>
      <MarketValue>15</MarketValue>
      <Mass>0.35</Mass> 
      <Flammability>0.5</Flammability>
      <Nutrition>0.2</Nutrition>
    </statBases>
    <ingestible>
      <foodType>Fluid, Processed, Liquor</foodType>
      <joyKind>Chemical</joyKind>
      <joy>0.18</joy>
      <nurseable>true</nurseable>
      <drugCategory>Social</drugCategory>
      <ingestSound>Ingest_Beer</ingestSound>
      <ingestHoldOffsetStanding>
        <northDefault>
          <offset>(0.18,0,0)</offset>
        </northDefault>
      </ingestHoldOffsetStanding>
      <ingestCommandString>Drink {0}</ingestCommandString>
      <ingestReportString>Drinking {0}.</ingestReportString>
      <chairSearchRadius>25</chairSearchRadius>
      <outcomeDoers>
        <li Class="IngestionOutcomeDoer_GiveHediff">
          <hediffDef>AlcoholHigh</hediffDef>
          <severity>0.15</severity>
          <toleranceChemical>Alcohol</toleranceChemical>
        </li>
        <li Class="IngestionOutcomeDoer_GiveHediff">
          <hediffDef>AlcoholTolerance</hediffDef>
          <severity>0.016</severity>
					<divideByBodySize>true</divideByBodySize>
				</li>
      </outcomeDoers>
    </ingestible>
    <equipmentType>Primary</equipmentType>
    <techLevel>Neolithic</techLevel>
    <comps>
      <li Class="CompProperties_Drug">
        <chemical>Alcohol</chemical>
        <addictiveness>0.010</addictiveness>
        <minToleranceToAddict>0.25</minToleranceToAddict>
        <existingAddictionSeverityOffset>0.20</existingAddictionSeverityOffset>
        <needLevelOffset>1</needLevelOffset>
        <listOrder>10</listOrder>
      </li>
      <li>
        <compClass>CompEquippable</compClass>
      </li>
    </comps>
    <tools>
      <li>
        <label>bottle</label>
        <capacities>
          <li>Blunt</li>
        </capacities>
        <power>9</power>
        <cooldownTime>2</cooldownTime>
      </li>
      <li>
        <label>neck</label>
        <capacities>
          <li>Poke</li>
        </capacities>
        <power>9</power>
        <cooldownTime>2</cooldownTime>
      </li>
    </tools>
  </ThingDef>

  <ThingDef ParentName="ResourceBase">
    <defName>Rotwort</defName>
    <label>rotwort</label>
    <description>Un-fermented Rotmeth. This substance needs to ferment in a fermenting barrel before it becomes drinkable.</description>
    <graphicData>
	  <texPath>Things/Item/Resource/Rotwort</texPath>
	  <graphicClass>Graphic_Single</graphicClass>
	</graphicData>
    <healthAffectsPrice>false</healthAffectsPrice>
    <rotatable>false</rotatable>
    <stackLimit>25</stackLimit>
    <thingCategories>
      <li>Manufactured</li>
    </thingCategories>
    <statBases>
      <DeteriorationRate>1.0</DeteriorationRate>
      <MarketValue>2.5</MarketValue>
      <Mass>0.8</Mass>
      <Flammability>0.2</Flammability>
      <MaxHitPoints>60</MaxHitPoints>
    </statBases>
    <tickerType>Rare</tickerType>
    <comps>
      <li Class="CompProperties_Rottable">
        <daysToRotStart>5</daysToRotStart>
        <rotDestroys>true</rotDestroys>
      </li>
    </comps>
  </ThingDef>


</Defs>
