<?xml version="1.0" encoding="utf-8" ?>
<Patch>

	<Operation Class="PatchOperationAdd">
	  <xpath>*/ThingDef[defName = "Brewery"]/recipes</xpath>
	  <value>
		<li>Make_Rotwort</li>
	  </value>
	</Operation>
	
	<Operation Class="PatchOperationAdd">
		<xpath>Defs/ThingDef[defName = "UniversalFermenter"]/comps/li[@Class="UniversalProcessors.CompProperties_UniversalFermenter"]/products</xpath>
		<value>
				<li>
					<thingDef>Rotmeth</thingDef>
				<ingredientFilter>
					<thingDefs>
						<li>Rotwort</li>
					</thingDefs>
				</ingredientFilter>
				<baseFermentationDuration>360000</baseFermentationDuration>
			</li>
		  </value>
	</Operation>

</Patch>